{
    "data": {
        "text/plain": [
            {
                "CASE_NUMBER": {
                    "precision": 0.7846153846153846,
                    "recall": 0.85,
                    "f1": 0.816,
                    "number": 60
                },
                "COURT": {
                    "precision": 0.8961538461538462,
                    "recall": 0.9031007751937985,
                    "f1": 0.8996138996138996,
                    "number": 258
                },
                "DATE": {
                    "precision": 0.9545454545454546,
                    "recall": 1.0,
                    "f1": 0.9767441860465117,
                    "number": 168
                },
                "GPE": {
                    "precision": 0.7589743589743589,
                    "recall": 0.8222222222222222,
                    "f1": 0.7893333333333332,
                    "number": 180
                },
                "JUDGE": {
                    "precision": 0.8525641025641025,
                    "recall": 0.95,
                    "f1": 0.8986486486486486,
                    "number": 140
                },
                "LAWYER": {
                    "precision": 0.823170731707317,
                    "recall": 0.9854014598540146,
                    "f1": 0.8970099667774087,
                    "number": 411
                },
                "ORG": {
                    "precision": 0.6871165644171779,
                    "recall": 0.8421052631578947,
                    "f1": 0.7567567567567567,
                    "number": 133
                },
                "OTHER_PERSON": {
                    "precision": 0.88,
                    "recall": 0.9272030651340997,
                    "f1": 0.9029850746268656,
                    "number": 261
                },
                "PETITIONER": {
                    "precision": 0.7555555555555555,
                    "recall": 0.912751677852349,
                    "f1": 0.8267477203647416,
                    "number": 149
                },
                "PRECEDENT": {
                    "precision": 0.7666666666666667,
                    "recall": 0.8846153846153846,
                    "f1": 0.8214285714285715,
                    "number": 26
                },
                "PROVISION": {
                    "precision": 0.9554140127388535,
                    "recall": 0.9615384615384616,
                    "f1": 0.9584664536741214,
                    "number": 156
                },
                "RESPONDENT": {
                    "precision": 0.76,
                    "recall": 0.8558558558558559,
                    "f1": 0.8050847457627119,
                    "number": 222
                },
                "STATUTE": {
                    "precision": 0.9135802469135802,
                    "recall": 0.9548387096774194,
                    "f1": 0.9337539432176656,
                    "number": 155
                },
                "WITNESS": {
                    "precision": 0.9333333333333333,
                    "recall": 1.0,
                    "f1": 0.9655172413793104,
                    "number": 56
                },
                "overall_precision": 0.8374666157954979,
                "overall_recall": 0.9242105263157895,
                "overall_f1": 0.8787029623698959,
                "overall_accuracy": 0.974658353655731
            }
        ]
    }
}