{
    "data": {
        "text/plain": [
            {
                "CASE_NUMBER": {
                    "precision": 0.6521739130434783,
                    "recall": 0.6666666666666666,
                    "f1": 0.6593406593406593,
                    "number": 45
                },
                "COURT": {
                    "precision": 0.9595959595959596,
                    "recall": 0.9405940594059405,
                    "f1": 0.95,
                    "number": 202
                },
                "DATE": {
                    "precision": 0.98,
                    "recall": 0.98,
                    "f1": 0.98,
                    "number": 100
                },
                "GPE": {
                    "precision": 0.8490566037735849,
                    "recall": 0.7317073170731707,
                    "f1": 0.7860262008733625,
                    "number": 123
                },
                "JUDGE": {
                    "precision": 0.9378238341968912,
                    "recall": 0.9627659574468085,
                    "f1": 0.9501312335958005,
                    "number": 188
                },
                "LAWYER": {
                    "precision": 0.9301470588235294,
                    "recall": 0.9768339768339769,
                    "f1": 0.952919020715631,
                    "number": 259
                },
                "ORG": {
                    "precision": 0.7592592592592593,
                    "recall": 0.780952380952381,
                    "f1": 0.7699530516431924,
                    "number": 105
                },
                "OTHER_PERSON": {
                    "precision": 0.8306709265175719,
                    "recall": 0.8695652173913043,
                    "f1": 0.8496732026143791,
                    "number": 299
                },
                "PETITIONER": {
                    "precision": 0.8294314381270903,
                    "recall": 0.8888888888888888,
                    "f1": 0.8581314878892734,
                    "number": 279
                },
                "PRECEDENT": {
                    "precision": 0.8048780487804879,
                    "recall": 0.825,
                    "f1": 0.8148148148148149,
                    "number": 40
                },
                "PROVISION": {
                    "precision": 0.8987341772151899,
                    "recall": 0.9466666666666667,
                    "f1": 0.9220779220779222,
                    "number": 150
                },
                "RESPONDENT": {
                    "precision": 0.9003215434083601,
                    "recall": 0.8888888888888888,
                    "f1": 0.8945686900958466,
                    "number": 315
                },
                "STATUTE": {
                    "precision": 0.8923076923076924,
                    "recall": 0.9354838709677419,
                    "f1": 0.9133858267716536,
                    "number": 124
                },
                "WITNESS": {
                    "precision": 0.8953488372093024,
                    "recall": 0.9166666666666666,
                    "f1": 0.9058823529411765,
                    "number": 84
                },
                "overall_precision": 0.8809826344769166,
                "overall_recall": 0.8992650237786425,
                "overall_f1": 0.8900299529311082,
                "overall_accuracy": 0.9825158358254644
            }
        ]
    }
}